Timestamp,Verdict,BPM,Confidence,Pulse
15:33:20,UNCERTAIN,N/A,100%,WEAK
15:33:20,UNCERTAIN,N/A,100%,WEAK
15:33:20,UNCERTAIN,N/A,100%,WEAK
15:33:20,UNCERTAIN,N/A,100%,WEAK
15:33:20,UNCERTAIN,N/A,100%,WEAK
15:33:20,UNCERTAIN,N/A,100%,WEAK
15:33:20,UNCERTAIN,N/A,100%,WEAK
15:33:20,UNCERTAIN,N/A,100%,WEAK
15:33:20,UNCERTAIN,N/A,100%,WEAK
15:33:21,UNCERTAIN,N/A,100%,WEAK
15:33:21,UNCERTAIN,N/A,100%,WEAK
15:33:21,UNCERTAIN,N/A,100%,WEAK
15:33:21,UNCERTAIN,N/A,100%,WEAK
15:33:21,UNCERTAIN,N/A,100%,WEAK
15:33:21,UNCERTAIN,N/A,100%,WEAK
15:33:21,UNCERTAIN,N/A,100%,WEAK
15:33:21,UNCERTAIN,N/A,100%,WEAK
15:33:21,UNCERTAIN,N/A,100%,WEAK
15:33:21,UNCERTAIN,N/A,100%,WEAK
15:33:22,UNCERTAIN,N/A,100%,WEAK
15:33:22,UNCERTAIN,N/A,100%,WEAK
15:33:22,UNCERTAIN,N/A,100%,WEAK
15:33:22,UNCERTAIN,N/A,100%,WEAK
15:33:22,UNCERTAIN,N/A,100%,WEAK
15:33:22,UNCERTAIN,N/A,100%,WEAK
15:33:22,UNCERTAIN,N/A,100%,WEAK
15:33:22,UNCERTAIN,N/A,100%,WEAK
15:33:22,UNCERTAIN,N/A,100%,WEAK
15:33:23,UNCERTAIN,N/A,100%,WEAK
15:33:23,UNCERTAIN,N/A,100%,WEAK
15:33:23,UNCERTAIN,N/A,100%,WEAK
15:33:23,UNCERTAIN,N/A,100%,WEAK
15:33:23,UNCERTAIN,N/A,100%,WEAK
15:33:23,UNCERTAIN,N/A,100%,WEAK
15:33:23,UNCERTAIN,N/A,100%,WEAK
15:33:23,UNCERTAIN,N/A,100%,WEAK
15:33:23,UNCERTAIN,N/A,100%,WEAK
15:33:23,UNCERTAIN,N/A,100%,WEAK
15:33:24,UNCERTAIN,N/A,100%,WEAK
15:33:24,UNCERTAIN,N/A,100%,WEAK
15:33:24,UNCERTAIN,N/A,100%,WEAK
15:33:24,UNCERTAIN,N/A,100%,WEAK
15:33:24,UNCERTAIN,N/A,100%,WEAK
15:33:24,UNCERTAIN,N/A,100%,WEAK
15:33:24,UNCERTAIN,N/A,100%,WEAK
15:33:24,UNCERTAIN,N/A,100%,WEAK
15:33:24,UNCERTAIN,N/A,100%,WEAK
15:33:24,UNCERTAIN,N/A,100%,WEAK
15:33:25,UNCERTAIN,N/A,100%,WEAK
15:33:25,UNCERTAIN,54.0 BPM,80%,WEAK
15:33:25,UNCERTAIN,53.7 BPM,60%,WEAK
15:33:25,REAL,53.5 BPM,60%,STABLE
15:33:25,REAL,53.2 BPM,80%,STABLE
15:33:25,REAL,52.9 BPM,100%,STABLE
15:33:25,REAL,52.7 BPM,100%,STABLE
15:33:25,REAL,52.4 BPM,100%,STABLE
15:33:25,REAL,52.2 BPM,100%,STABLE
15:33:25,REAL,51.9 BPM,100%,STABLE
15:33:26,REAL,51.7 BPM,100%,STABLE
15:33:26,REAL,51.4 BPM,100%,STABLE
15:33:26,REAL,51.2 BPM,100%,STABLE
15:33:26,REAL,50.9 BPM,100%,STABLE
15:33:26,REAL,50.7 BPM,100%,STABLE
15:33:26,REAL,50.5 BPM,100%,STABLE
15:33:26,REAL,50.2 BPM,100%,STABLE
15:33:26,REAL,50.0 BPM,100%,STABLE
15:33:26,REAL,49.8 BPM,100%,STABLE
15:33:26,REAL,49.5 BPM,100%,STABLE
15:33:27,REAL,49.3 BPM,100%,STABLE
15:33:27,REAL,N/A,80%,STABLE
15:33:27,REAL,N/A,60%,STABLE
15:33:27,UNCERTAIN,N/A,60%,WEAK
15:33:27,UNCERTAIN,N/A,80%,WEAK
15:33:27,UNCERTAIN,N/A,100%,WEAK
15:33:27,UNCERTAIN,N/A,100%,WEAK
15:33:27,UNCERTAIN,N/A,100%,WEAK
15:33:27,UNCERTAIN,N/A,100%,WEAK
15:33:27,UNCERTAIN,N/A,100%,WEAK
15:33:28,UNCERTAIN,N/A,100%,WEAK
15:33:28,UNCERTAIN,N/A,100%,WEAK
15:33:28,UNCERTAIN,N/A,100%,WEAK
15:33:28,UNCERTAIN,54.3 BPM,80%,WEAK
15:33:28,UNCERTAIN,54.1 BPM,60%,WEAK
15:33:28,REAL,53.8 BPM,60%,STABLE
15:33:28,REAL,53.6 BPM,80%,STABLE
15:33:28,REAL,53.4 BPM,100%,STABLE
15:33:28,REAL,53.2 BPM,100%,STABLE
15:33:29,REAL,52.9 BPM,100%,STABLE
15:33:29,REAL,52.7 BPM,100%,STABLE
15:33:29,REAL,52.5 BPM,100%,STABLE
15:33:29,REAL,52.3 BPM,100%,STABLE
15:33:29,REAL,52.1 BPM,100%,STABLE
15:33:29,REAL,51.9 BPM,100%,STABLE
15:33:29,REAL,51.6 BPM,100%,STABLE
15:33:29,REAL,N/A,80%,STABLE
15:33:29,REAL,N/A,60%,STABLE
15:33:29,UNCERTAIN,N/A,60%,WEAK
15:33:29,UNCERTAIN,N/A,80%,WEAK
15:33:30,UNCERTAIN,N/A,100%,WEAK
15:33:30,UNCERTAIN,N/A,100%,WEAK
15:33:30,UNCERTAIN,N/A,100%,WEAK
15:33:30,UNCERTAIN,N/A,100%,WEAK
15:33:30,UNCERTAIN,N/A,100%,WEAK
15:33:30,UNCERTAIN,N/A,100%,WEAK
15:33:30,UNCERTAIN,N/A,100%,WEAK
15:33:30,UNCERTAIN,N/A,100%,WEAK
15:33:30,UNCERTAIN,N/A,100%,WEAK
15:33:31,UNCERTAIN,N/A,100%,WEAK
15:33:31,UNCERTAIN,N/A,100%,WEAK
15:33:31,UNCERTAIN,N/A,100%,WEAK
15:33:31,UNCERTAIN,N/A,100%,WEAK
15:33:31,UNCERTAIN,N/A,100%,WEAK
15:33:31,UNCERTAIN,N/A,100%,WEAK
15:33:31,UNCERTAIN,N/A,100%,WEAK
15:33:31,UNCERTAIN,N/A,100%,WEAK
15:33:31,UNCERTAIN,N/A,100%,WEAK
15:33:31,UNCERTAIN,N/A,100%,WEAK
15:33:32,UNCERTAIN,N/A,100%,WEAK
15:33:32,UNCERTAIN,N/A,100%,WEAK
15:33:32,UNCERTAIN,N/A,100%,WEAK
15:33:32,UNCERTAIN,N/A,100%,WEAK
15:33:32,UNCERTAIN,N/A,100%,WEAK
15:33:32,UNCERTAIN,N/A,100%,WEAK
15:33:32,UNCERTAIN,N/A,100%,WEAK
15:33:32,UNCERTAIN,N/A,100%,WEAK
15:33:32,UNCERTAIN,N/A,100%,WEAK
15:33:32,UNCERTAIN,N/A,100%,WEAK
15:33:33,UNCERTAIN,N/A,100%,WEAK
15:33:33,UNCERTAIN,N/A,100%,WEAK
15:33:33,UNCERTAIN,N/A,100%,WEAK
15:33:33,UNCERTAIN,N/A,100%,WEAK
15:33:33,UNCERTAIN,N/A,100%,WEAK
15:33:33,UNCERTAIN,50.9 BPM,80%,WEAK
15:33:33,UNCERTAIN,50.7 BPM,60%,WEAK
15:33:33,REAL,50.5 BPM,60%,STABLE
15:33:33,REAL,50.3 BPM,80%,STABLE
15:33:33,REAL,50.2 BPM,100%,STABLE
15:33:34,REAL,50.0 BPM,100%,STABLE
15:33:34,REAL,49.8 BPM,100%,STABLE
15:33:34,REAL,49.7 BPM,100%,STABLE
15:33:34,REAL,49.5 BPM,100%,STABLE
15:33:34,REAL,49.3 BPM,100%,STABLE
15:33:34,REAL,49.1 BPM,100%,STABLE
15:33:34,REAL,49.0 BPM,100%,STABLE
15:33:34,REAL,48.8 BPM,100%,STABLE
15:33:34,REAL,48.6 BPM,100%,STABLE
15:33:34,REAL,48.5 BPM,100%,STABLE
15:33:35,REAL,48.3 BPM,100%,STABLE
15:33:35,REAL,48.2 BPM,100%,STABLE
15:33:35,REAL,48.0 BPM,100%,STABLE
15:33:35,REAL,N/A,80%,STABLE
15:33:35,REAL,N/A,60%,STABLE
15:33:35,UNCERTAIN,N/A,60%,WEAK
15:33:35,UNCERTAIN,N/A,80%,WEAK
15:33:35,UNCERTAIN,N/A,100%,WEAK
15:33:35,UNCERTAIN,N/A,100%,WEAK
15:33:35,UNCERTAIN,N/A,100%,WEAK
15:33:36,UNCERTAIN,N/A,100%,WEAK
15:33:36,UNCERTAIN,N/A,100%,WEAK
15:33:36,UNCERTAIN,N/A,100%,WEAK
15:33:36,UNCERTAIN,N/A,100%,WEAK
15:33:36,UNCERTAIN,N/A,100%,WEAK
15:33:36,UNCERTAIN,N/A,100%,WEAK
15:33:36,UNCERTAIN,N/A,100%,WEAK
15:33:36,UNCERTAIN,N/A,100%,WEAK
15:33:36,UNCERTAIN,N/A,100%,WEAK
15:33:37,UNCERTAIN,N/A,100%,WEAK
15:33:37,UNCERTAIN,N/A,100%,WEAK
15:33:37,UNCERTAIN,N/A,100%,WEAK
15:33:37,UNCERTAIN,N/A,100%,WEAK
15:33:37,UNCERTAIN,N/A,100%,WEAK
15:33:37,UNCERTAIN,N/A,100%,WEAK
15:33:37,UNCERTAIN,N/A,100%,WEAK
15:33:37,UNCERTAIN,N/A,100%,WEAK
15:33:37,UNCERTAIN,N/A,100%,WEAK
15:33:37,UNCERTAIN,N/A,100%,WEAK
15:33:38,UNCERTAIN,N/A,100%,WEAK
15:33:38,UNCERTAIN,N/A,100%,WEAK
15:33:38,UNCERTAIN,N/A,100%,WEAK
15:33:38,UNCERTAIN,48.0 BPM,80%,WEAK
15:33:38,UNCERTAIN,48.0 BPM,60%,WEAK
15:33:38,REAL,48.0 BPM,60%,STABLE
15:33:38,REAL,48.0 BPM,80%,STABLE
15:33:38,REAL,48.0 BPM,100%,STABLE
15:33:38,REAL,48.0 BPM,100%,STABLE
15:33:38,REAL,48.0 BPM,100%,STABLE
15:33:39,REAL,48.0 BPM,100%,STABLE
15:33:39,REAL,48.0 BPM,100%,STABLE
15:33:39,REAL,48.0 BPM,100%,STABLE
15:33:39,REAL,48.0 BPM,100%,STABLE
15:33:39,REAL,48.0 BPM,100%,STABLE
15:33:39,REAL,48.0 BPM,100%,STABLE
15:33:39,REAL,48.0 BPM,100%,STABLE
15:33:39,REAL,N/A,80%,STABLE
15:33:39,REAL,N/A,60%,STABLE
15:33:39,UNCERTAIN,N/A,60%,WEAK
15:33:40,UNCERTAIN,N/A,80%,WEAK
15:33:40,UNCERTAIN,N/A,100%,WEAK
15:33:40,UNCERTAIN,N/A,100%,WEAK
15:33:40,UNCERTAIN,N/A,100%,WEAK
15:33:40,UNCERTAIN,N/A,100%,WEAK
15:33:40,UNCERTAIN,N/A,100%,WEAK
15:33:40,UNCERTAIN,N/A,100%,WEAK
15:33:40,UNCERTAIN,N/A,100%,WEAK
15:33:40,UNCERTAIN,N/A,100%,WEAK
15:33:40,UNCERTAIN,N/A,100%,WEAK
15:33:41,UNCERTAIN,N/A,100%,WEAK
15:33:41,UNCERTAIN,N/A,100%,WEAK
15:33:41,UNCERTAIN,N/A,100%,WEAK
15:33:41,UNCERTAIN,N/A,100%,WEAK
15:33:41,UNCERTAIN,N/A,100%,WEAK
15:33:41,UNCERTAIN,N/A,100%,WEAK
15:33:41,UNCERTAIN,N/A,100%,WEAK
15:33:41,UNCERTAIN,N/A,100%,WEAK
15:33:41,UNCERTAIN,N/A,100%,WEAK
15:33:41,UNCERTAIN,N/A,100%,WEAK
15:33:42,UNCERTAIN,N/A,100%,WEAK
15:33:42,UNCERTAIN,N/A,100%,WEAK
15:33:42,UNCERTAIN,N/A,100%,WEAK
15:33:42,UNCERTAIN,N/A,100%,WEAK
15:33:42,UNCERTAIN,N/A,100%,WEAK
15:33:42,UNCERTAIN,N/A,100%,WEAK
15:33:42,UNCERTAIN,N/A,100%,WEAK
15:33:42,UNCERTAIN,N/A,100%,WEAK
15:33:42,UNCERTAIN,N/A,100%,WEAK
15:33:42,UNCERTAIN,N/A,100%,WEAK
15:33:43,UNCERTAIN,N/A,100%,WEAK
15:33:43,UNCERTAIN,N/A,100%,WEAK
15:33:43,UNCERTAIN,N/A,100%,WEAK
15:33:43,UNCERTAIN,N/A,100%,WEAK
15:33:43,UNCERTAIN,N/A,100%,WEAK
15:33:43,UNCERTAIN,N/A,100%,WEAK
15:33:43,UNCERTAIN,N/A,100%,WEAK
15:33:43,UNCERTAIN,N/A,100%,WEAK
15:33:43,UNCERTAIN,N/A,100%,WEAK
15:33:43,UNCERTAIN,N/A,100%,WEAK
15:33:44,UNCERTAIN,N/A,100%,WEAK
15:33:44,UNCERTAIN,N/A,100%,WEAK
15:33:44,UNCERTAIN,N/A,100%,WEAK
15:33:44,UNCERTAIN,N/A,100%,WEAK
15:33:44,UNCERTAIN,N/A,100%,WEAK
15:33:44,UNCERTAIN,N/A,100%,WEAK
15:33:44,UNCERTAIN,N/A,100%,WEAK
15:33:44,UNCERTAIN,N/A,100%,WEAK
15:33:44,UNCERTAIN,N/A,100%,WEAK
15:33:45,UNCERTAIN,72.0 BPM,80%,WEAK
15:33:45,UNCERTAIN,72.0 BPM,60%,WEAK
15:33:45,REAL,72.0 BPM,60%,STABLE
15:33:45,REAL,72.0 BPM,80%,STABLE
15:33:45,REAL,72.0 BPM,100%,STABLE
15:33:45,REAL,72.0 BPM,100%,STABLE
15:33:45,REAL,72.0 BPM,100%,STABLE
15:33:45,REAL,72.0 BPM,100%,STABLE
15:33:45,REAL,72.0 BPM,100%,STABLE
15:33:45,REAL,72.0 BPM,100%,STABLE
15:33:45,REAL,72.0 BPM,100%,STABLE
15:33:46,REAL,72.0 BPM,100%,STABLE
15:33:46,REAL,72.0 BPM,100%,STABLE
15:33:46,REAL,72.0 BPM,100%,STABLE
15:33:46,REAL,N/A,80%,STABLE
15:33:46,REAL,N/A,60%,STABLE
15:33:46,UNCERTAIN,N/A,60%,WEAK
15:33:46,UNCERTAIN,N/A,80%,WEAK
15:33:46,UNCERTAIN,N/A,100%,WEAK
15:33:46,UNCERTAIN,N/A,100%,WEAK
15:33:46,UNCERTAIN,N/A,100%,WEAK
15:33:47,UNCERTAIN,N/A,100%,WEAK
15:33:47,UNCERTAIN,N/A,100%,WEAK
15:33:47,UNCERTAIN,72.0 BPM,80%,WEAK
15:33:47,UNCERTAIN,72.0 BPM,60%,WEAK
15:33:47,REAL,72.0 BPM,60%,STABLE
15:33:47,REAL,72.0 BPM,80%,STABLE
15:33:47,REAL,72.0 BPM,100%,STABLE
15:33:47,REAL,72.0 BPM,100%,STABLE
15:33:47,REAL,72.0 BPM,100%,STABLE
15:33:48,REAL,72.0 BPM,100%,STABLE
15:33:48,REAL,72.0 BPM,100%,STABLE
15:33:48,REAL,72.0 BPM,100%,STABLE
15:33:48,REAL,72.0 BPM,100%,STABLE
15:33:48,REAL,72.0 BPM,100%,STABLE
15:33:48,REAL,72.0 BPM,100%,STABLE
15:33:48,REAL,72.0 BPM,100%,STABLE
15:33:48,REAL,72.0 BPM,100%,STABLE
15:33:48,REAL,72.0 BPM,100%,STABLE
15:33:48,REAL,72.0 BPM,100%,STABLE
15:33:49,REAL,72.0 BPM,100%,STABLE
15:33:49,REAL,72.0 BPM,100%,STABLE
15:33:49,REAL,72.0 BPM,100%,STABLE
15:33:49,REAL,72.0 BPM,100%,STABLE
15:33:49,REAL,72.0 BPM,100%,STABLE
15:33:49,REAL,72.0 BPM,100%,STABLE
15:33:49,REAL,72.0 BPM,100%,STABLE
15:33:49,REAL,72.0 BPM,100%,STABLE
15:33:49,REAL,72.0 BPM,100%,STABLE
15:33:49,REAL,72.0 BPM,100%,STABLE
15:33:50,REAL,72.0 BPM,100%,STABLE
15:33:50,REAL,72.0 BPM,100%,STABLE
15:33:50,REAL,72.0 BPM,100%,STABLE
15:33:50,REAL,72.0 BPM,100%,STABLE
15:33:50,REAL,72.0 BPM,100%,STABLE
15:33:50,REAL,72.0 BPM,100%,STABLE
15:33:50,REAL,72.0 BPM,100%,STABLE
15:33:50,REAL,72.0 BPM,100%,STABLE
15:33:50,REAL,72.0 BPM,100%,STABLE
15:33:50,REAL,72.0 BPM,100%,STABLE
15:33:51,REAL,72.0 BPM,100%,STABLE
15:33:51,REAL,72.0 BPM,100%,STABLE
15:33:51,REAL,72.0 BPM,100%,STABLE
15:33:51,REAL,72.0 BPM,100%,STABLE
15:33:51,REAL,72.0 BPM,100%,STABLE
15:33:51,REAL,72.0 BPM,100%,STABLE
15:33:51,REAL,72.0 BPM,100%,STABLE
15:33:51,REAL,72.0 BPM,100%,STABLE
15:33:51,REAL,72.0 BPM,100%,STABLE
15:33:51,REAL,72.0 BPM,100%,STABLE
15:33:52,REAL,72.0 BPM,100%,STABLE
15:33:52,REAL,72.0 BPM,100%,STABLE
15:33:52,REAL,72.0 BPM,100%,STABLE
15:33:52,REAL,72.0 BPM,100%,STABLE
15:33:52,REAL,72.0 BPM,100%,STABLE
15:33:52,REAL,72.0 BPM,100%,STABLE
15:33:52,REAL,72.0 BPM,100%,STABLE
15:33:52,REAL,72.0 BPM,100%,STABLE
15:33:52,REAL,72.0 BPM,100%,STABLE
15:33:53,REAL,72.0 BPM,100%,STABLE
15:33:53,REAL,72.0 BPM,100%,STABLE
15:33:53,REAL,72.0 BPM,100%,STABLE
15:33:53,REAL,72.0 BPM,100%,STABLE
15:33:53,REAL,72.0 BPM,100%,STABLE
15:33:53,REAL,72.0 BPM,100%,STABLE
15:33:53,REAL,72.0 BPM,100%,STABLE
15:33:53,REAL,72.0 BPM,100%,STABLE
15:33:53,REAL,72.0 BPM,100%,STABLE
15:33:53,REAL,72.0 BPM,100%,STABLE
15:33:53,REAL,72.0 BPM,100%,STABLE
15:33:54,REAL,72.0 BPM,100%,STABLE
15:33:54,REAL,72.0 BPM,100%,STABLE
15:33:54,REAL,72.0 BPM,100%,STABLE
15:33:54,REAL,72.0 BPM,100%,STABLE
15:33:54,REAL,72.0 BPM,100%,STABLE
15:33:54,REAL,72.0 BPM,100%,STABLE
15:33:54,REAL,72.0 BPM,100%,STABLE
15:33:54,REAL,72.0 BPM,100%,STABLE
15:33:54,REAL,72.0 BPM,100%,STABLE
15:33:55,REAL,72.0 BPM,100%,STABLE
15:33:55,REAL,72.0 BPM,100%,STABLE
15:33:55,REAL,72.0 BPM,100%,STABLE
15:33:55,REAL,72.0 BPM,100%,STABLE
15:33:55,REAL,72.0 BPM,100%,STABLE
15:33:55,REAL,72.0 BPM,100%,STABLE
15:33:55,REAL,72.0 BPM,100%,STABLE
15:33:55,REAL,72.0 BPM,100%,STABLE
15:33:55,REAL,72.0 BPM,100%,STABLE
15:33:55,REAL,72.0 BPM,100%,STABLE
15:33:56,REAL,72.0 BPM,100%,STABLE
15:33:56,REAL,72.0 BPM,100%,STABLE
15:33:56,REAL,72.0 BPM,100%,STABLE
15:33:56,REAL,72.0 BPM,100%,STABLE
15:33:56,REAL,72.0 BPM,100%,STABLE
15:33:56,REAL,72.0 BPM,100%,STABLE
15:33:56,REAL,72.0 BPM,100%,STABLE
15:33:56,REAL,72.0 BPM,100%,STABLE
15:33:56,REAL,72.0 BPM,100%,STABLE
15:33:56,REAL,72.0 BPM,100%,STABLE
15:33:57,REAL,72.0 BPM,100%,STABLE
15:33:57,REAL,72.0 BPM,100%,STABLE
15:33:57,REAL,72.0 BPM,100%,STABLE
15:33:57,REAL,72.0 BPM,100%,STABLE
15:33:57,REAL,72.0 BPM,100%,STABLE
15:33:57,REAL,72.0 BPM,100%,STABLE
15:33:57,REAL,72.0 BPM,100%,STABLE
15:33:57,REAL,72.0 BPM,100%,STABLE
15:33:57,REAL,72.0 BPM,100%,STABLE
15:33:57,REAL,72.0 BPM,100%,STABLE
15:33:58,REAL,72.0 BPM,100%,STABLE
15:33:58,REAL,72.0 BPM,100%,STABLE
15:33:58,REAL,72.0 BPM,100%,STABLE
15:33:58,REAL,72.0 BPM,100%,STABLE
15:33:58,REAL,72.0 BPM,100%,STABLE
15:33:58,REAL,72.0 BPM,100%,STABLE
15:33:58,REAL,72.0 BPM,100%,STABLE
15:33:58,REAL,72.0 BPM,100%,STABLE
15:33:58,REAL,72.0 BPM,100%,STABLE
15:33:58,REAL,72.0 BPM,100%,STABLE
15:33:59,REAL,72.0 BPM,100%,STABLE
15:33:59,REAL,72.0 BPM,100%,STABLE
15:33:59,REAL,72.0 BPM,100%,STABLE
15:33:59,REAL,72.0 BPM,100%,STABLE
15:33:59,REAL,72.0 BPM,100%,STABLE
15:33:59,REAL,72.0 BPM,100%,STABLE
15:33:59,REAL,72.0 BPM,100%,STABLE
15:33:59,REAL,72.0 BPM,100%,STABLE
15:33:59,REAL,72.0 BPM,100%,STABLE
15:33:59,REAL,72.0 BPM,100%,STABLE
15:34:00,REAL,72.0 BPM,100%,STABLE
15:34:00,REAL,72.0 BPM,100%,STABLE
15:34:00,REAL,72.0 BPM,100%,STABLE
15:34:00,REAL,72.0 BPM,100%,STABLE
15:34:00,REAL,72.0 BPM,100%,STABLE
15:34:00,REAL,72.0 BPM,100%,STABLE
15:34:00,REAL,72.0 BPM,100%,STABLE
15:34:00,REAL,72.0 BPM,100%,STABLE
15:34:00,REAL,72.0 BPM,100%,STABLE
15:34:00,REAL,72.0 BPM,100%,STABLE
15:34:01,REAL,72.0 BPM,100%,STABLE
15:34:01,REAL,72.0 BPM,100%,STABLE
15:34:01,REAL,72.0 BPM,100%,STABLE
15:34:01,REAL,72.0 BPM,100%,STABLE
15:34:01,REAL,72.0 BPM,100%,STABLE
15:34:01,REAL,72.0 BPM,100%,STABLE
15:34:01,REAL,72.0 BPM,100%,STABLE
15:34:01,REAL,72.0 BPM,100%,STABLE
15:34:01,REAL,72.0 BPM,100%,STABLE
15:34:02,REAL,72.0 BPM,100%,STABLE
15:34:02,REAL,72.0 BPM,100%,STABLE
15:34:02,REAL,72.0 BPM,100%,STABLE
15:34:02,REAL,72.0 BPM,100%,STABLE
15:34:02,REAL,72.0 BPM,100%,STABLE
15:34:02,REAL,72.0 BPM,100%,STABLE
15:34:02,REAL,72.0 BPM,100%,STABLE
15:34:02,REAL,72.0 BPM,100%,STABLE
15:34:02,REAL,72.0 BPM,100%,STABLE
15:34:02,REAL,72.0 BPM,100%,STABLE
15:34:03,REAL,72.0 BPM,100%,STABLE
15:34:03,REAL,72.0 BPM,100%,STABLE
15:34:03,REAL,72.0 BPM,100%,STABLE
15:34:03,REAL,72.0 BPM,100%,STABLE
15:34:03,REAL,72.0 BPM,100%,STABLE
15:34:03,REAL,72.0 BPM,100%,STABLE
15:34:03,REAL,72.0 BPM,100%,STABLE
15:34:03,REAL,72.0 BPM,100%,STABLE
15:34:03,REAL,72.0 BPM,100%,STABLE
15:34:03,REAL,72.0 BPM,100%,STABLE
15:34:04,REAL,72.0 BPM,100%,STABLE
15:34:04,REAL,72.0 BPM,100%,STABLE
15:34:04,REAL,72.0 BPM,100%,STABLE
15:34:04,REAL,72.0 BPM,100%,STABLE
15:34:04,REAL,72.0 BPM,100%,STABLE
15:34:04,REAL,72.0 BPM,100%,STABLE
15:34:04,REAL,72.0 BPM,100%,STABLE
15:34:04,REAL,72.0 BPM,100%,STABLE
15:34:04,REAL,72.0 BPM,100%,STABLE
15:34:04,REAL,72.0 BPM,100%,STABLE
15:34:05,REAL,72.0 BPM,100%,STABLE
15:34:05,REAL,72.0 BPM,100%,STABLE
15:34:05,REAL,72.0 BPM,100%,STABLE
15:34:05,REAL,72.0 BPM,100%,STABLE
15:34:05,REAL,72.0 BPM,100%,STABLE
15:34:05,REAL,72.0 BPM,100%,STABLE
15:34:05,REAL,72.0 BPM,100%,STABLE
15:34:05,REAL,72.0 BPM,100%,STABLE
15:34:05,REAL,72.0 BPM,100%,STABLE
15:34:05,REAL,72.0 BPM,100%,STABLE
15:34:06,REAL,72.0 BPM,100%,STABLE
15:34:06,REAL,72.0 BPM,100%,STABLE
15:34:06,REAL,72.0 BPM,100%,STABLE
15:34:06,REAL,72.0 BPM,100%,STABLE
15:34:06,REAL,72.0 BPM,100%,STABLE
15:34:06,REAL,72.0 BPM,100%,STABLE
15:34:06,REAL,72.0 BPM,100%,STABLE
15:34:06,REAL,72.0 BPM,100%,STABLE
15:34:06,REAL,72.0 BPM,100%,STABLE
15:34:06,REAL,72.0 BPM,100%,STABLE
15:34:07,REAL,72.0 BPM,100%,STABLE
15:34:07,REAL,72.0 BPM,100%,STABLE
15:34:07,REAL,72.0 BPM,100%,STABLE
15:34:07,REAL,72.0 BPM,100%,STABLE
15:34:07,REAL,72.0 BPM,100%,STABLE
15:34:07,REAL,72.0 BPM,100%,STABLE
15:34:07,REAL,72.0 BPM,100%,STABLE
15:34:07,REAL,72.0 BPM,100%,STABLE
15:34:07,REAL,72.0 BPM,100%,STABLE
15:34:07,REAL,72.0 BPM,100%,STABLE
15:34:08,REAL,72.0 BPM,100%,STABLE
15:34:08,REAL,72.0 BPM,100%,STABLE
15:34:08,REAL,72.0 BPM,100%,STABLE
15:34:08,REAL,72.0 BPM,100%,STABLE
15:34:08,REAL,72.0 BPM,100%,STABLE
15:34:08,REAL,72.0 BPM,100%,STABLE
15:34:08,REAL,N/A,80%,STABLE
15:34:08,REAL,N/A,60%,STABLE
15:34:08,UNCERTAIN,N/A,60%,WEAK
15:34:09,UNCERTAIN,78.0 BPM,60%,WEAK
15:34:09,UNCERTAIN,78.0 BPM,60%,WEAK
15:34:09,REAL,78.0 BPM,60%,STABLE
15:34:09,REAL,78.0 BPM,80%,STABLE
15:34:09,REAL,78.0 BPM,100%,STABLE
15:34:09,REAL,78.0 BPM,100%,STABLE
15:34:09,REAL,N/A,80%,STABLE
15:34:09,REAL,N/A,60%,STABLE
15:34:09,UNCERTAIN,N/A,60%,WEAK
15:34:09,UNCERTAIN,N/A,80%,WEAK
15:34:10,UNCERTAIN,N/A,100%,WEAK
15:34:10,UNCERTAIN,N/A,100%,WEAK
15:34:10,UNCERTAIN,N/A,100%,WEAK
15:34:10,UNCERTAIN,N/A,100%,WEAK
15:34:10,UNCERTAIN,N/A,100%,WEAK
15:34:10,UNCERTAIN,N/A,100%,WEAK
15:34:10,UNCERTAIN,N/A,100%,WEAK
15:34:10,UNCERTAIN,N/A,100%,WEAK
15:34:10,UNCERTAIN,N/A,100%,WEAK
15:34:10,UNCERTAIN,N/A,100%,WEAK
15:34:11,UNCERTAIN,78.0 BPM,80%,WEAK
15:34:11,UNCERTAIN,78.0 BPM,60%,WEAK
15:34:11,REAL,78.0 BPM,60%,STABLE
15:34:11,REAL,78.0 BPM,80%,STABLE
15:34:11,REAL,78.0 BPM,100%,STABLE
15:34:11,REAL,78.0 BPM,100%,STABLE
15:34:11,REAL,78.0 BPM,100%,STABLE
15:34:11,REAL,78.0 BPM,100%,STABLE
15:34:11,REAL,78.0 BPM,100%,STABLE
15:34:11,REAL,78.0 BPM,100%,STABLE
15:34:12,REAL,N/A,80%,STABLE
15:34:12,REAL,N/A,60%,STABLE
15:34:12,UNCERTAIN,N/A,60%,WEAK
15:34:12,UNCERTAIN,N/A,80%,WEAK
15:34:12,UNCERTAIN,N/A,100%,WEAK
15:34:12,UNCERTAIN,N/A,100%,WEAK
15:34:12,UNCERTAIN,N/A,100%,WEAK
15:34:12,UNCERTAIN,N/A,100%,WEAK
15:34:12,UNCERTAIN,N/A,100%,WEAK
15:34:12,UNCERTAIN,N/A,100%,WEAK
15:34:13,UNCERTAIN,N/A,100%,WEAK
15:34:13,UNCERTAIN,N/A,100%,WEAK
15:34:13,UNCERTAIN,N/A,100%,WEAK
15:34:13,UNCERTAIN,N/A,100%,WEAK
15:34:13,UNCERTAIN,N/A,100%,WEAK
15:34:13,UNCERTAIN,N/A,100%,WEAK
15:34:13,UNCERTAIN,78.0 BPM,80%,WEAK
15:34:13,UNCERTAIN,78.0 BPM,60%,WEAK
15:34:13,REAL,78.0 BPM,60%,STABLE
15:34:13,REAL,78.0 BPM,80%,STABLE
15:34:14,REAL,78.0 BPM,100%,STABLE
15:34:14,REAL,N/A,80%,STABLE
15:34:14,REAL,N/A,60%,STABLE
15:34:14,UNCERTAIN,N/A,60%,WEAK
15:34:14,UNCERTAIN,N/A,80%,WEAK
15:34:14,UNCERTAIN,N/A,100%,WEAK
15:34:14,UNCERTAIN,N/A,100%,WEAK
15:34:14,UNCERTAIN,N/A,100%,WEAK
15:34:14,UNCERTAIN,N/A,100%,WEAK
15:34:14,UNCERTAIN,N/A,100%,WEAK
15:34:15,UNCERTAIN,N/A,100%,WEAK
15:34:15,UNCERTAIN,N/A,100%,WEAK
15:34:15,UNCERTAIN,N/A,100%,WEAK
15:34:15,UNCERTAIN,N/A,100%,WEAK
15:34:15,UNCERTAIN,N/A,100%,WEAK
15:34:15,UNCERTAIN,N/A,100%,WEAK
15:34:15,UNCERTAIN,N/A,100%,WEAK
15:34:15,UNCERTAIN,N/A,100%,WEAK
15:34:15,UNCERTAIN,N/A,100%,WEAK
15:34:15,UNCERTAIN,N/A,100%,WEAK
15:34:16,UNCERTAIN,N/A,100%,WEAK
15:34:16,UNCERTAIN,N/A,100%,WEAK
15:34:16,UNCERTAIN,N/A,100%,WEAK
15:34:16,UNCERTAIN,N/A,100%,WEAK
15:34:16,UNCERTAIN,N/A,100%,WEAK
15:34:16,UNCERTAIN,N/A,100%,WEAK
15:34:16,UNCERTAIN,N/A,100%,WEAK
15:34:16,UNCERTAIN,N/A,100%,WEAK
15:34:16,UNCERTAIN,N/A,100%,WEAK
15:34:17,UNCERTAIN,N/A,100%,WEAK
15:34:17,UNCERTAIN,N/A,100%,WEAK
15:34:17,UNCERTAIN,N/A,100%,WEAK
15:34:17,UNCERTAIN,N/A,100%,WEAK
15:34:17,UNCERTAIN,N/A,100%,WEAK
15:34:17,UNCERTAIN,N/A,100%,WEAK
15:34:17,UNCERTAIN,N/A,100%,WEAK
15:34:17,UNCERTAIN,N/A,100%,WEAK
15:34:17,UNCERTAIN,N/A,100%,WEAK
15:34:17,UNCERTAIN,N/A,100%,WEAK
15:34:18,UNCERTAIN,N/A,100%,WEAK
15:34:18,UNCERTAIN,N/A,100%,WEAK
15:34:18,UNCERTAIN,66.0 BPM,80%,WEAK
15:34:18,UNCERTAIN,66.0 BPM,60%,WEAK
15:34:18,REAL,66.0 BPM,60%,STABLE
15:34:18,REAL,66.0 BPM,80%,STABLE
15:34:18,REAL,66.0 BPM,100%,STABLE
15:34:18,REAL,66.0 BPM,100%,STABLE
15:34:18,REAL,66.0 BPM,100%,STABLE
15:34:18,REAL,66.0 BPM,100%,STABLE
15:34:19,REAL,66.0 BPM,100%,STABLE
15:34:19,REAL,66.0 BPM,100%,STABLE
15:34:19,REAL,66.0 BPM,100%,STABLE
15:34:19,REAL,66.0 BPM,100%,STABLE
15:34:19,REAL,66.0 BPM,100%,STABLE
15:34:19,REAL,66.0 BPM,100%,STABLE
15:34:19,REAL,66.0 BPM,100%,STABLE
15:34:19,REAL,N/A,80%,STABLE
15:34:19,REAL,N/A,60%,STABLE
15:34:19,UNCERTAIN,N/A,60%,WEAK
15:34:20,UNCERTAIN,N/A,80%,WEAK
15:34:20,UNCERTAIN,N/A,100%,WEAK
15:34:20,UNCERTAIN,N/A,100%,WEAK
15:34:20,UNCERTAIN,N/A,100%,WEAK
15:34:20,UNCERTAIN,N/A,100%,WEAK
15:34:20,UNCERTAIN,N/A,100%,WEAK
15:34:20,UNCERTAIN,60.0 BPM,80%,WEAK
15:34:20,UNCERTAIN,60.0 BPM,60%,WEAK
15:34:20,REAL,60.0 BPM,60%,STABLE
15:34:20,REAL,60.0 BPM,80%,STABLE
15:34:21,REAL,60.0 BPM,100%,STABLE
15:34:21,REAL,60.0 BPM,100%,STABLE
15:34:21,REAL,60.0 BPM,100%,STABLE
15:34:21,REAL,60.0 BPM,100%,STABLE
15:34:21,REAL,60.0 BPM,100%,STABLE
15:34:21,REAL,60.0 BPM,100%,STABLE
15:34:21,REAL,60.0 BPM,100%,STABLE
15:34:21,REAL,60.0 BPM,100%,STABLE
15:34:21,REAL,60.0 BPM,100%,STABLE
15:34:21,REAL,60.0 BPM,100%,STABLE
15:34:22,REAL,60.0 BPM,100%,STABLE
15:34:22,REAL,N/A,80%,STABLE
15:34:22,REAL,N/A,60%,STABLE
15:34:22,UNCERTAIN,N/A,60%,WEAK
15:34:22,UNCERTAIN,N/A,80%,WEAK
15:34:22,UNCERTAIN,N/A,100%,WEAK
15:34:22,UNCERTAIN,N/A,100%,WEAK
15:34:22,UNCERTAIN,N/A,100%,WEAK
15:34:22,UNCERTAIN,N/A,100%,WEAK
15:34:22,UNCERTAIN,N/A,100%,WEAK
15:34:23,UNCERTAIN,N/A,100%,WEAK
15:34:23,UNCERTAIN,N/A,100%,WEAK
15:34:23,UNCERTAIN,N/A,100%,WEAK
15:34:23,UNCERTAIN,N/A,100%,WEAK
15:34:23,UNCERTAIN,N/A,100%,WEAK
15:34:23,UNCERTAIN,N/A,100%,WEAK
15:34:23,UNCERTAIN,N/A,100%,WEAK
15:34:23,UNCERTAIN,N/A,100%,WEAK
15:34:23,UNCERTAIN,N/A,100%,WEAK
15:34:23,UNCERTAIN,N/A,100%,WEAK
15:34:24,UNCERTAIN,N/A,100%,WEAK
15:34:24,UNCERTAIN,N/A,100%,WEAK
15:34:24,UNCERTAIN,N/A,100%,WEAK
15:34:24,UNCERTAIN,N/A,100%,WEAK
15:34:24,UNCERTAIN,N/A,100%,WEAK
15:34:24,UNCERTAIN,N/A,100%,WEAK
15:34:24,UNCERTAIN,60.0 BPM,80%,WEAK
15:34:24,UNCERTAIN,60.0 BPM,60%,WEAK
15:34:24,REAL,60.0 BPM,60%,STABLE
15:34:25,REAL,60.0 BPM,80%,STABLE
15:34:25,REAL,60.0 BPM,100%,STABLE
15:34:25,REAL,60.0 BPM,100%,STABLE
15:34:25,REAL,60.0 BPM,100%,STABLE
15:34:25,REAL,60.0 BPM,100%,STABLE
15:34:25,REAL,60.0 BPM,100%,STABLE
15:34:25,REAL,60.0 BPM,100%,STABLE
15:34:25,REAL,60.0 BPM,100%,STABLE
15:34:25,REAL,N/A,80%,STABLE
15:34:25,REAL,N/A,60%,STABLE
15:34:26,UNCERTAIN,N/A,60%,WEAK
15:34:26,UNCERTAIN,N/A,80%,WEAK
15:34:26,UNCERTAIN,N/A,100%,WEAK
15:34:26,UNCERTAIN,N/A,100%,WEAK
15:34:26,UNCERTAIN,N/A,100%,WEAK
15:34:26,UNCERTAIN,102.0 BPM,80%,WEAK
15:34:26,UNCERTAIN,102.0 BPM,60%,WEAK
15:34:26,REAL,102.0 BPM,60%,STABLE
15:34:26,REAL,102.0 BPM,80%,STABLE
15:34:26,REAL,102.0 BPM,100%,STABLE
15:34:27,REAL,102.0 BPM,100%,STABLE
15:34:27,REAL,102.0 BPM,100%,STABLE
15:34:27,REAL,N/A,80%,STABLE
15:34:27,REAL,N/A,60%,STABLE
15:34:27,UNCERTAIN,N/A,60%,WEAK
15:34:27,UNCERTAIN,N/A,80%,WEAK
15:34:27,UNCERTAIN,N/A,100%,WEAK
15:34:27,UNCERTAIN,N/A,100%,WEAK
15:34:27,UNCERTAIN,N/A,100%,WEAK
15:34:27,UNCERTAIN,N/A,100%,WEAK
15:34:28,UNCERTAIN,N/A,100%,WEAK
15:34:28,UNCERTAIN,N/A,100%,WEAK
15:34:28,UNCERTAIN,N/A,100%,WEAK
15:34:28,UNCERTAIN,N/A,100%,WEAK
15:34:28,UNCERTAIN,N/A,100%,WEAK
15:34:28,UNCERTAIN,N/A,100%,WEAK
15:34:28,UNCERTAIN,N/A,100%,WEAK
15:34:28,UNCERTAIN,N/A,100%,WEAK
15:34:28,UNCERTAIN,N/A,100%,WEAK
15:34:28,UNCERTAIN,N/A,100%,WEAK
15:34:29,UNCERTAIN,N/A,100%,WEAK
15:34:29,UNCERTAIN,N/A,100%,WEAK
15:34:29,UNCERTAIN,N/A,100%,WEAK
15:34:29,UNCERTAIN,N/A,100%,WEAK
15:34:29,UNCERTAIN,N/A,100%,WEAK
15:34:29,UNCERTAIN,N/A,100%,WEAK
15:34:29,UNCERTAIN,N/A,100%,WEAK
15:34:29,UNCERTAIN,N/A,100%,WEAK
15:34:29,UNCERTAIN,N/A,100%,WEAK
15:34:29,UNCERTAIN,N/A,100%,WEAK
15:34:30,UNCERTAIN,N/A,100%,WEAK
15:34:30,UNCERTAIN,N/A,100%,WEAK
15:34:30,UNCERTAIN,N/A,100%,WEAK
15:34:30,UNCERTAIN,N/A,100%,WEAK
15:34:30,UNCERTAIN,N/A,100%,WEAK
15:34:30,UNCERTAIN,N/A,100%,WEAK
15:34:30,UNCERTAIN,N/A,100%,WEAK
15:34:30,UNCERTAIN,N/A,100%,WEAK
15:34:30,UNCERTAIN,N/A,100%,WEAK
15:34:30,UNCERTAIN,N/A,100%,WEAK
15:34:31,UNCERTAIN,N/A,100%,WEAK
15:34:31,UNCERTAIN,N/A,100%,WEAK
15:34:31,UNCERTAIN,N/A,100%,WEAK
15:34:31,UNCERTAIN,N/A,100%,WEAK
15:34:31,UNCERTAIN,N/A,100%,WEAK
15:34:31,UNCERTAIN,N/A,100%,WEAK
15:34:31,UNCERTAIN,N/A,100%,WEAK
15:34:31,UNCERTAIN,N/A,100%,WEAK
15:34:31,UNCERTAIN,N/A,100%,WEAK
15:34:31,UNCERTAIN,N/A,100%,WEAK
15:34:32,UNCERTAIN,N/A,100%,WEAK
15:34:32,UNCERTAIN,N/A,100%,WEAK
15:34:32,UNCERTAIN,N/A,100%,WEAK
15:34:32,UNCERTAIN,N/A,100%,WEAK
15:34:32,UNCERTAIN,N/A,100%,WEAK
15:34:32,UNCERTAIN,N/A,100%,WEAK
15:34:32,UNCERTAIN,N/A,100%,WEAK
15:34:32,UNCERTAIN,N/A,100%,WEAK
15:34:32,UNCERTAIN,N/A,100%,WEAK
15:34:33,UNCERTAIN,N/A,100%,WEAK
15:34:33,UNCERTAIN,N/A,100%,WEAK
15:34:33,UNCERTAIN,N/A,100%,WEAK
15:34:33,UNCERTAIN,N/A,100%,WEAK
15:34:33,UNCERTAIN,N/A,100%,WEAK
15:34:33,UNCERTAIN,N/A,100%,WEAK
15:34:33,UNCERTAIN,N/A,100%,WEAK
15:34:33,UNCERTAIN,N/A,100%,WEAK
15:34:33,UNCERTAIN,N/A,100%,WEAK
15:34:33,UNCERTAIN,N/A,100%,WEAK
15:34:34,UNCERTAIN,N/A,100%,WEAK
15:34:34,UNCERTAIN,N/A,100%,WEAK
15:34:34,UNCERTAIN,N/A,100%,WEAK
15:34:34,UNCERTAIN,N/A,100%,WEAK
15:34:34,UNCERTAIN,N/A,100%,WEAK
15:34:34,UNCERTAIN,N/A,100%,WEAK
15:34:34,UNCERTAIN,N/A,100%,WEAK
15:34:34,UNCERTAIN,N/A,100%,WEAK
15:34:34,UNCERTAIN,N/A,100%,WEAK
15:34:34,UNCERTAIN,N/A,100%,WEAK
15:34:35,UNCERTAIN,N/A,100%,WEAK
15:34:35,UNCERTAIN,N/A,100%,WEAK
15:34:35,UNCERTAIN,N/A,100%,WEAK
15:34:35,UNCERTAIN,N/A,100%,WEAK
15:34:35,UNCERTAIN,N/A,100%,WEAK
15:34:35,UNCERTAIN,N/A,100%,WEAK
15:34:35,UNCERTAIN,N/A,100%,WEAK
15:34:35,UNCERTAIN,N/A,100%,WEAK
15:34:35,UNCERTAIN,N/A,100%,WEAK
15:34:35,UNCERTAIN,N/A,100%,WEAK
15:34:36,UNCERTAIN,N/A,100%,WEAK
15:34:36,UNCERTAIN,N/A,100%,WEAK
15:34:36,UNCERTAIN,N/A,100%,WEAK
15:34:36,UNCERTAIN,N/A,100%,WEAK
15:34:36,UNCERTAIN,66.0 BPM,80%,WEAK
15:34:36,UNCERTAIN,66.0 BPM,60%,WEAK
15:34:36,REAL,66.0 BPM,60%,STABLE
15:34:36,REAL,66.0 BPM,80%,STABLE
15:34:36,REAL,66.0 BPM,100%,STABLE
15:34:36,REAL,66.0 BPM,100%,STABLE
15:34:37,REAL,66.0 BPM,100%,STABLE
15:34:37,REAL,66.0 BPM,100%,STABLE
15:34:37,REAL,66.0 BPM,100%,STABLE
15:34:37,REAL,66.0 BPM,100%,STABLE
15:34:37,REAL,66.0 BPM,100%,STABLE
15:34:37,REAL,66.0 BPM,100%,STABLE
15:34:37,REAL,66.0 BPM,100%,STABLE
15:34:37,REAL,66.0 BPM,100%,STABLE
15:34:37,REAL,66.0 BPM,100%,STABLE
15:34:37,REAL,66.0 BPM,100%,STABLE
15:34:38,REAL,66.0 BPM,100%,STABLE
15:34:38,REAL,66.0 BPM,100%,STABLE
15:34:38,REAL,66.0 BPM,100%,STABLE
15:34:38,REAL,66.0 BPM,100%,STABLE
15:34:38,REAL,66.0 BPM,100%,STABLE
15:34:38,REAL,N/A,80%,STABLE
15:34:38,REAL,N/A,60%,STABLE
15:34:38,UNCERTAIN,N/A,60%,WEAK
15:34:38,UNCERTAIN,N/A,80%,WEAK
15:34:38,UNCERTAIN,N/A,100%,WEAK
15:34:39,UNCERTAIN,72.0 BPM,80%,WEAK
15:34:39,UNCERTAIN,72.0 BPM,60%,WEAK
15:34:39,REAL,72.0 BPM,60%,STABLE
15:34:39,REAL,72.0 BPM,80%,STABLE
15:34:39,REAL,66.0 BPM,100%,STABLE
15:34:39,REAL,66.0 BPM,100%,STABLE
15:34:39,REAL,66.0 BPM,100%,STABLE
15:34:39,REAL,72.0 BPM,100%,STABLE
15:34:39,REAL,72.0 BPM,100%,STABLE
15:34:39,REAL,66.0 BPM,100%,STABLE
15:34:40,REAL,66.0 BPM,100%,STABLE
15:34:40,REAL,66.0 BPM,100%,STABLE
15:34:40,REAL,66.0 BPM,100%,STABLE
15:34:40,REAL,66.0 BPM,100%,STABLE
15:34:40,REAL,66.0 BPM,100%,STABLE
15:34:40,REAL,66.0 BPM,100%,STABLE
15:34:40,REAL,66.0 BPM,100%,STABLE
15:34:40,REAL,66.0 BPM,100%,STABLE
15:34:40,REAL,66.0 BPM,100%,STABLE
15:34:41,REAL,66.0 BPM,100%,STABLE
15:34:41,REAL,66.0 BPM,100%,STABLE
15:34:41,REAL,66.0 BPM,100%,STABLE
15:34:41,REAL,66.0 BPM,100%,STABLE
15:34:41,REAL,66.0 BPM,100%,STABLE
15:34:41,REAL,66.0 BPM,100%,STABLE
15:34:41,REAL,66.0 BPM,100%,STABLE
15:34:41,REAL,66.0 BPM,100%,STABLE
15:34:41,REAL,66.0 BPM,100%,STABLE
15:34:41,REAL,66.0 BPM,100%,STABLE
15:34:42,REAL,66.0 BPM,100%,STABLE
15:34:42,REAL,N/A,80%,STABLE
15:34:42,REAL,N/A,60%,STABLE
15:34:42,REAL,72.0 BPM,60%,STABLE
15:34:42,REAL,72.0 BPM,60%,STABLE
15:34:42,REAL,72.0 BPM,60%,STABLE
15:34:42,REAL,72.0 BPM,80%,STABLE
15:34:42,REAL,72.0 BPM,100%,STABLE
15:34:42,REAL,72.0 BPM,100%,STABLE
15:34:42,REAL,72.0 BPM,100%,STABLE
15:34:43,REAL,72.0 BPM,100%,STABLE
15:34:43,REAL,72.0 BPM,100%,STABLE
15:34:43,REAL,72.0 BPM,100%,STABLE
15:34:43,REAL,72.0 BPM,100%,STABLE
15:34:43,REAL,72.0 BPM,100%,STABLE
15:34:43,REAL,72.0 BPM,100%,STABLE
15:34:43,REAL,72.0 BPM,100%,STABLE
15:34:43,REAL,72.0 BPM,100%,STABLE
15:34:43,REAL,72.0 BPM,100%,STABLE
15:34:44,REAL,72.0 BPM,100%,STABLE
15:34:44,REAL,72.0 BPM,100%,STABLE
15:34:44,REAL,72.0 BPM,100%,STABLE
15:34:44,REAL,72.0 BPM,100%,STABLE
15:34:44,REAL,72.0 BPM,100%,STABLE
15:34:44,REAL,72.0 BPM,100%,STABLE
15:34:44,REAL,72.0 BPM,100%,STABLE
15:34:44,REAL,72.0 BPM,100%,STABLE
15:34:44,REAL,72.0 BPM,100%,STABLE
15:34:44,REAL,72.0 BPM,100%,STABLE
15:34:45,REAL,72.0 BPM,100%,STABLE
15:34:45,REAL,72.0 BPM,100%,STABLE
15:34:45,REAL,72.0 BPM,100%,STABLE
15:34:45,REAL,72.0 BPM,100%,STABLE
15:34:45,REAL,72.0 BPM,100%,STABLE
15:34:45,REAL,72.0 BPM,100%,STABLE
15:34:45,REAL,72.0 BPM,100%,STABLE
15:34:45,REAL,72.0 BPM,100%,STABLE
15:34:45,REAL,72.0 BPM,100%,STABLE
15:34:45,REAL,72.0 BPM,100%,STABLE
15:34:46,REAL,72.0 BPM,100%,STABLE
15:34:46,REAL,72.0 BPM,100%,STABLE
15:34:46,REAL,72.0 BPM,100%,STABLE
15:34:46,REAL,72.0 BPM,100%,STABLE
15:34:46,REAL,72.0 BPM,100%,STABLE
15:34:46,REAL,72.0 BPM,100%,STABLE
15:34:46,REAL,72.0 BPM,100%,STABLE
15:34:46,REAL,72.0 BPM,100%,STABLE
15:34:46,REAL,66.0 BPM,100%,STABLE
15:34:46,REAL,66.0 BPM,100%,STABLE
15:34:47,REAL,66.0 BPM,100%,STABLE
15:34:47,REAL,66.0 BPM,100%,STABLE
15:34:47,REAL,66.0 BPM,100%,STABLE
15:34:47,REAL,66.0 BPM,100%,STABLE
15:34:47,REAL,66.0 BPM,100%,STABLE
15:34:47,REAL,66.0 BPM,100%,STABLE
15:34:47,REAL,66.0 BPM,100%,STABLE
15:34:47,REAL,66.0 BPM,100%,STABLE
15:34:47,REAL,66.0 BPM,100%,STABLE
15:34:47,REAL,66.0 BPM,100%,STABLE
15:34:48,REAL,66.0 BPM,100%,STABLE
15:34:48,REAL,66.0 BPM,100%,STABLE
15:34:48,REAL,66.0 BPM,100%,STABLE
15:34:48,REAL,66.0 BPM,100%,STABLE
15:34:48,REAL,66.0 BPM,100%,STABLE
15:34:48,REAL,66.0 BPM,100%,STABLE
15:34:48,REAL,66.0 BPM,100%,STABLE
15:34:48,REAL,66.0 BPM,100%,STABLE
15:34:48,REAL,66.0 BPM,100%,STABLE
15:34:48,REAL,66.0 BPM,100%,STABLE
15:34:49,REAL,66.0 BPM,100%,STABLE
15:34:49,REAL,66.0 BPM,100%,STABLE
15:34:49,REAL,66.0 BPM,100%,STABLE
15:34:49,REAL,66.0 BPM,100%,STABLE
15:34:49,REAL,66.0 BPM,100%,STABLE
15:34:49,REAL,66.0 BPM,100%,STABLE
15:34:49,REAL,66.0 BPM,100%,STABLE
15:34:49,REAL,66.0 BPM,100%,STABLE
15:34:49,REAL,66.0 BPM,100%,STABLE
15:34:49,REAL,66.0 BPM,100%,STABLE
15:34:50,REAL,66.0 BPM,100%,STABLE
15:34:50,REAL,66.0 BPM,100%,STABLE
15:34:50,REAL,66.0 BPM,100%,STABLE
15:34:50,REAL,66.0 BPM,100%,STABLE
15:34:50,REAL,66.0 BPM,100%,STABLE
15:34:50,REAL,66.0 BPM,100%,STABLE
15:34:50,REAL,66.0 BPM,100%,STABLE
15:34:50,REAL,66.0 BPM,100%,STABLE
15:34:50,REAL,66.0 BPM,100%,STABLE
15:34:51,REAL,66.0 BPM,100%,STABLE
15:34:51,REAL,66.0 BPM,100%,STABLE
15:34:51,REAL,66.0 BPM,100%,STABLE
15:34:51,REAL,N/A,80%,STABLE
15:34:51,REAL,72.0 BPM,80%,STABLE
15:34:51,REAL,72.0 BPM,80%,STABLE
15:34:51,REAL,72.0 BPM,80%,STABLE
15:34:51,REAL,72.0 BPM,80%,STABLE
15:34:51,REAL,72.0 BPM,100%,STABLE
15:34:51,REAL,72.0 BPM,100%,STABLE
15:34:52,REAL,72.0 BPM,100%,STABLE
15:34:52,REAL,72.0 BPM,100%,STABLE
15:34:52,REAL,72.0 BPM,100%,STABLE
15:34:52,REAL,72.0 BPM,100%,STABLE
15:34:52,REAL,72.0 BPM,100%,STABLE
15:34:52,REAL,N/A,80%,STABLE
15:34:52,REAL,N/A,60%,STABLE
15:34:52,REAL,66.0 BPM,60%,STABLE
15:34:52,REAL,66.0 BPM,60%,STABLE
15:34:52,REAL,66.0 BPM,60%,STABLE
15:34:53,REAL,66.0 BPM,80%,STABLE
15:34:53,REAL,66.0 BPM,100%,STABLE
15:34:53,REAL,N/A,80%,STABLE
15:34:53,REAL,N/A,60%,STABLE
15:34:53,UNCERTAIN,N/A,60%,WEAK
15:34:53,UNCERTAIN,N/A,80%,WEAK
15:34:53,UNCERTAIN,N/A,100%,WEAK
15:34:53,UNCERTAIN,N/A,100%,WEAK
15:34:53,UNCERTAIN,N/A,100%,WEAK
15:34:53,UNCERTAIN,N/A,100%,WEAK
15:34:54,UNCERTAIN,N/A,100%,WEAK
15:34:54,UNCERTAIN,N/A,100%,WEAK
15:34:54,UNCERTAIN,N/A,100%,WEAK
15:34:54,UNCERTAIN,N/A,100%,WEAK
15:34:54,UNCERTAIN,N/A,100%,WEAK
15:34:54,UNCERTAIN,N/A,100%,WEAK
15:34:54,UNCERTAIN,N/A,100%,WEAK
15:34:54,UNCERTAIN,N/A,100%,WEAK
15:34:54,UNCERTAIN,N/A,100%,WEAK
15:34:54,UNCERTAIN,N/A,100%,WEAK
15:34:55,UNCERTAIN,N/A,100%,WEAK
15:34:55,UNCERTAIN,N/A,100%,WEAK
15:34:55,UNCERTAIN,N/A,100%,WEAK
15:34:55,UNCERTAIN,N/A,100%,WEAK
15:34:55,UNCERTAIN,N/A,100%,WEAK
15:34:55,UNCERTAIN,N/A,100%,WEAK
15:34:55,UNCERTAIN,N/A,100%,WEAK
15:34:55,UNCERTAIN,N/A,100%,WEAK
15:34:55,UNCERTAIN,N/A,100%,WEAK
15:34:55,UNCERTAIN,N/A,100%,WEAK
15:34:56,UNCERTAIN,N/A,100%,WEAK
15:34:56,UNCERTAIN,N/A,100%,WEAK
15:34:56,UNCERTAIN,N/A,100%,WEAK
15:34:56,UNCERTAIN,N/A,100%,WEAK
15:34:56,UNCERTAIN,N/A,100%,WEAK
15:34:56,UNCERTAIN,N/A,100%,WEAK
15:34:56,UNCERTAIN,N/A,100%,WEAK
15:34:56,UNCERTAIN,N/A,100%,WEAK
15:34:56,UNCERTAIN,N/A,100%,WEAK
15:34:56,UNCERTAIN,N/A,100%,WEAK
15:34:57,UNCERTAIN,N/A,100%,WEAK
15:34:57,UNCERTAIN,N/A,100%,WEAK
15:34:57,UNCERTAIN,N/A,100%,WEAK
15:34:57,UNCERTAIN,N/A,100%,WEAK
15:34:57,UNCERTAIN,N/A,100%,WEAK
15:34:57,UNCERTAIN,N/A,100%,WEAK
15:34:57,UNCERTAIN,N/A,100%,WEAK
15:34:57,UNCERTAIN,N/A,100%,WEAK
15:34:57,UNCERTAIN,N/A,100%,WEAK
15:34:57,UNCERTAIN,N/A,100%,WEAK
15:34:58,UNCERTAIN,N/A,100%,WEAK
15:34:58,UNCERTAIN,N/A,100%,WEAK
15:34:58,UNCERTAIN,N/A,100%,WEAK
15:34:58,UNCERTAIN,N/A,100%,WEAK
15:34:58,UNCERTAIN,N/A,100%,WEAK
15:34:58,UNCERTAIN,N/A,100%,WEAK
15:34:58,UNCERTAIN,N/A,100%,WEAK
15:34:58,UNCERTAIN,N/A,100%,WEAK
15:34:58,UNCERTAIN,N/A,100%,WEAK
15:34:59,UNCERTAIN,N/A,100%,WEAK
15:34:59,UNCERTAIN,N/A,100%,WEAK
15:34:59,UNCERTAIN,N/A,100%,WEAK
15:34:59,UNCERTAIN,N/A,100%,WEAK
15:34:59,UNCERTAIN,N/A,100%,WEAK
15:34:59,UNCERTAIN,48.0 BPM,80%,WEAK
15:34:59,UNCERTAIN,48.0 BPM,60%,WEAK
15:34:59,REAL,48.0 BPM,60%,STABLE
15:34:59,REAL,48.0 BPM,80%,STABLE
15:34:59,REAL,48.0 BPM,100%,STABLE
15:35:00,REAL,48.0 BPM,100%,STABLE
15:35:00,REAL,48.0 BPM,100%,STABLE
15:35:00,REAL,48.0 BPM,100%,STABLE
15:35:00,REAL,48.0 BPM,100%,STABLE
15:35:00,REAL,48.0 BPM,100%,STABLE
15:35:00,REAL,48.0 BPM,100%,STABLE
15:35:00,REAL,48.0 BPM,100%,STABLE
15:35:00,REAL,48.0 BPM,100%,STABLE
15:35:00,REAL,48.0 BPM,100%,STABLE
15:35:00,REAL,48.0 BPM,100%,STABLE
15:35:01,REAL,48.0 BPM,100%,STABLE
15:35:01,REAL,48.0 BPM,100%,STABLE
15:35:01,REAL,48.0 BPM,100%,STABLE
15:35:01,REAL,N/A,80%,STABLE
15:35:01,REAL,N/A,60%,STABLE
15:35:01,UNCERTAIN,N/A,60%,WEAK
15:35:01,UNCERTAIN,N/A,80%,WEAK
15:35:01,UNCERTAIN,N/A,100%,WEAK
15:35:01,UNCERTAIN,N/A,100%,WEAK
15:35:01,UNCERTAIN,N/A,100%,WEAK
15:35:02,UNCERTAIN,N/A,100%,WEAK
15:35:02,UNCERTAIN,N/A,100%,WEAK
15:35:02,UNCERTAIN,48.0 BPM,80%,WEAK
15:35:02,UNCERTAIN,48.0 BPM,60%,WEAK
15:35:02,REAL,48.0 BPM,60%,STABLE
15:35:02,REAL,48.0 BPM,80%,STABLE
15:35:02,REAL,48.0 BPM,100%,STABLE
15:35:02,REAL,48.0 BPM,100%,STABLE
15:35:02,REAL,48.0 BPM,100%,STABLE
15:35:02,REAL,48.0 BPM,100%,STABLE
15:35:03,REAL,48.0 BPM,100%,STABLE
15:35:03,REAL,48.0 BPM,100%,STABLE
15:35:03,REAL,48.0 BPM,100%,STABLE
15:35:03,REAL,48.0 BPM,100%,STABLE
15:35:03,REAL,48.0 BPM,100%,STABLE
15:35:03,REAL,48.0 BPM,100%,STABLE
15:35:03,REAL,48.0 BPM,100%,STABLE
15:35:03,REAL,48.0 BPM,100%,STABLE
15:35:03,REAL,48.0 BPM,100%,STABLE
15:35:03,REAL,48.0 BPM,100%,STABLE
15:35:04,REAL,48.0 BPM,100%,STABLE
15:35:04,REAL,48.0 BPM,100%,STABLE
15:35:04,REAL,48.0 BPM,100%,STABLE
15:35:04,REAL,48.0 BPM,100%,STABLE
15:35:04,REAL,48.0 BPM,100%,STABLE
15:35:04,REAL,48.0 BPM,100%,STABLE
15:35:04,REAL,48.0 BPM,100%,STABLE
15:35:04,REAL,48.0 BPM,100%,STABLE
15:35:04,REAL,48.0 BPM,100%,STABLE
15:35:04,REAL,48.0 BPM,100%,STABLE
15:35:05,REAL,48.0 BPM,100%,STABLE
15:35:05,REAL,48.0 BPM,100%,STABLE
15:35:05,REAL,48.0 BPM,100%,STABLE
15:35:05,REAL,48.0 BPM,100%,STABLE
15:35:05,REAL,48.0 BPM,100%,STABLE
15:35:05,REAL,48.0 BPM,100%,STABLE
15:35:05,REAL,48.0 BPM,100%,STABLE
15:35:05,REAL,48.0 BPM,100%,STABLE
15:35:05,REAL,48.0 BPM,100%,STABLE
15:35:05,REAL,48.0 BPM,100%,STABLE
15:35:06,REAL,48.0 BPM,100%,STABLE
15:35:06,REAL,48.0 BPM,100%,STABLE
15:35:06,REAL,48.0 BPM,100%,STABLE
15:35:06,REAL,48.0 BPM,100%,STABLE
15:35:06,REAL,48.0 BPM,100%,STABLE
15:35:06,REAL,48.0 BPM,100%,STABLE
15:35:06,REAL,48.0 BPM,100%,STABLE
15:35:06,REAL,48.0 BPM,100%,STABLE
15:35:06,REAL,48.0 BPM,100%,STABLE
15:35:07,REAL,48.0 BPM,100%,STABLE
15:35:07,REAL,48.0 BPM,100%,STABLE
15:35:07,REAL,48.0 BPM,100%,STABLE
15:35:07,REAL,48.0 BPM,100%,STABLE
15:35:07,REAL,48.0 BPM,100%,STABLE
15:35:07,REAL,48.0 BPM,100%,STABLE
15:35:07,REAL,48.0 BPM,100%,STABLE
15:35:07,REAL,48.0 BPM,100%,STABLE
15:35:07,REAL,48.0 BPM,100%,STABLE
15:35:07,REAL,48.0 BPM,100%,STABLE
15:35:08,REAL,48.0 BPM,100%,STABLE
15:35:08,REAL,48.0 BPM,100%,STABLE
15:35:08,REAL,48.0 BPM,100%,STABLE
15:35:08,REAL,48.0 BPM,100%,STABLE
15:35:08,REAL,48.0 BPM,100%,STABLE
15:35:08,REAL,48.0 BPM,100%,STABLE
15:35:08,REAL,48.0 BPM,100%,STABLE
15:35:08,REAL,48.0 BPM,100%,STABLE
15:35:08,REAL,48.0 BPM,100%,STABLE
15:35:08,REAL,48.0 BPM,100%,STABLE
15:35:09,REAL,48.0 BPM,100%,STABLE
15:35:09,REAL,48.0 BPM,100%,STABLE
15:35:09,REAL,48.0 BPM,100%,STABLE
15:35:09,REAL,48.0 BPM,100%,STABLE
15:35:09,REAL,48.0 BPM,100%,STABLE
15:35:09,REAL,48.0 BPM,100%,STABLE
15:35:09,REAL,48.0 BPM,100%,STABLE
15:35:09,REAL,48.0 BPM,100%,STABLE
15:35:09,REAL,48.0 BPM,100%,STABLE
15:35:09,REAL,48.0 BPM,100%,STABLE
15:35:10,REAL,48.0 BPM,100%,STABLE
15:35:10,REAL,48.0 BPM,100%,STABLE
15:35:10,REAL,48.0 BPM,100%,STABLE
15:35:10,REAL,48.0 BPM,100%,STABLE
15:35:10,REAL,48.0 BPM,100%,STABLE
15:35:10,REAL,48.0 BPM,100%,STABLE
15:35:10,REAL,48.0 BPM,100%,STABLE
15:35:10,REAL,N/A,80%,STABLE
15:35:10,REAL,N/A,60%,STABLE
15:35:10,UNCERTAIN,N/A,60%,WEAK
15:35:11,UNCERTAIN,N/A,80%,WEAK
15:35:11,UNCERTAIN,N/A,100%,WEAK
15:35:11,UNCERTAIN,N/A,100%,WEAK
15:35:11,UNCERTAIN,N/A,100%,WEAK
15:35:11,UNCERTAIN,48.0 BPM,80%,WEAK
15:35:11,UNCERTAIN,48.0 BPM,60%,WEAK
15:35:11,REAL,48.0 BPM,60%,STABLE
15:35:11,REAL,48.0 BPM,80%,STABLE
15:35:11,REAL,48.0 BPM,100%,STABLE
15:35:11,REAL,48.0 BPM,100%,STABLE
15:35:12,REAL,48.0 BPM,100%,STABLE
15:35:12,REAL,48.0 BPM,100%,STABLE
15:35:12,REAL,48.0 BPM,100%,STABLE
15:35:12,REAL,48.0 BPM,100%,STABLE
15:35:12,REAL,48.0 BPM,100%,STABLE
15:35:12,REAL,48.0 BPM,100%,STABLE
15:35:12,REAL,48.0 BPM,100%,STABLE
15:35:12,REAL,48.0 BPM,100%,STABLE
15:35:12,REAL,48.0 BPM,100%,STABLE
15:35:12,REAL,48.0 BPM,100%,STABLE
15:35:13,REAL,48.0 BPM,100%,STABLE
15:35:13,REAL,48.0 BPM,100%,STABLE
15:35:13,REAL,48.0 BPM,100%,STABLE
15:35:13,REAL,48.0 BPM,100%,STABLE
15:35:13,REAL,48.0 BPM,100%,STABLE
15:35:13,REAL,48.0 BPM,100%,STABLE
15:35:13,REAL,48.0 BPM,100%,STABLE
15:35:13,REAL,48.0 BPM,100%,STABLE
15:35:13,REAL,48.0 BPM,100%,STABLE
15:35:13,REAL,48.0 BPM,100%,STABLE
15:35:14,REAL,48.0 BPM,100%,STABLE
15:35:14,REAL,48.0 BPM,100%,STABLE
15:35:14,REAL,48.0 BPM,100%,STABLE
15:35:14,REAL,48.0 BPM,100%,STABLE
15:35:14,REAL,48.0 BPM,100%,STABLE
15:35:14,REAL,48.0 BPM,100%,STABLE
15:35:14,REAL,48.0 BPM,100%,STABLE
15:35:14,REAL,48.0 BPM,100%,STABLE
15:35:14,REAL,48.0 BPM,100%,STABLE
15:35:15,REAL,48.0 BPM,100%,STABLE
15:35:15,REAL,48.0 BPM,100%,STABLE
15:35:15,REAL,48.0 BPM,100%,STABLE
15:35:15,REAL,48.0 BPM,100%,STABLE
15:35:15,REAL,48.0 BPM,100%,STABLE
15:35:15,REAL,48.0 BPM,100%,STABLE
15:35:15,REAL,48.0 BPM,100%,STABLE
15:35:15,REAL,48.0 BPM,100%,STABLE
15:35:15,REAL,48.0 BPM,100%,STABLE
15:35:15,REAL,48.0 BPM,100%,STABLE
15:35:16,REAL,48.0 BPM,100%,STABLE
15:35:16,REAL,48.0 BPM,100%,STABLE
15:35:16,REAL,48.0 BPM,100%,STABLE
15:35:16,REAL,48.0 BPM,100%,STABLE
15:35:16,REAL,48.0 BPM,100%,STABLE
15:35:16,REAL,48.0 BPM,100%,STABLE
15:35:16,REAL,48.0 BPM,100%,STABLE
15:35:16,REAL,48.0 BPM,100%,STABLE
15:35:16,REAL,48.0 BPM,100%,STABLE
15:35:16,REAL,48.0 BPM,100%,STABLE
15:35:17,REAL,48.0 BPM,100%,STABLE
15:35:17,REAL,48.0 BPM,100%,STABLE
15:35:17,REAL,48.0 BPM,100%,STABLE
15:35:17,REAL,N/A,80%,STABLE
15:35:17,REAL,N/A,60%,STABLE
15:35:17,UNCERTAIN,N/A,60%,WEAK
15:35:17,UNCERTAIN,N/A,80%,WEAK
15:35:17,UNCERTAIN,N/A,100%,WEAK
15:35:17,UNCERTAIN,N/A,100%,WEAK
15:35:17,UNCERTAIN,N/A,100%,WEAK
15:35:18,UNCERTAIN,N/A,100%,WEAK
15:35:18,UNCERTAIN,60.0 BPM,80%,WEAK
15:35:18,UNCERTAIN,60.0 BPM,60%,WEAK
15:35:18,REAL,60.0 BPM,60%,STABLE
15:35:18,REAL,60.0 BPM,80%,STABLE
15:35:18,REAL,60.0 BPM,100%,STABLE
15:35:18,REAL,60.0 BPM,100%,STABLE
15:35:18,REAL,60.0 BPM,100%,STABLE
15:35:18,REAL,60.0 BPM,100%,STABLE
15:35:18,REAL,60.0 BPM,100%,STABLE
15:35:19,REAL,60.0 BPM,100%,STABLE
15:35:19,REAL,60.0 BPM,100%,STABLE
15:35:19,REAL,60.0 BPM,100%,STABLE
15:35:19,REAL,60.0 BPM,100%,STABLE
15:35:19,REAL,60.0 BPM,100%,STABLE
15:35:19,REAL,60.0 BPM,100%,STABLE
15:35:19,REAL,60.0 BPM,100%,STABLE
15:35:19,REAL,60.0 BPM,100%,STABLE
15:35:19,REAL,60.0 BPM,100%,STABLE
15:35:19,REAL,60.0 BPM,100%,STABLE
15:35:20,REAL,60.0 BPM,100%,STABLE
15:35:20,REAL,60.0 BPM,100%,STABLE
15:35:20,REAL,60.0 BPM,100%,STABLE
15:35:20,REAL,60.0 BPM,100%,STABLE
15:35:20,REAL,60.0 BPM,100%,STABLE
15:35:20,REAL,60.0 BPM,100%,STABLE
15:35:20,REAL,60.0 BPM,100%,STABLE
15:35:20,REAL,60.0 BPM,100%,STABLE
15:35:20,REAL,60.0 BPM,100%,STABLE
15:35:20,REAL,60.0 BPM,100%,STABLE
15:35:21,REAL,60.0 BPM,100%,STABLE
15:35:21,REAL,60.0 BPM,100%,STABLE
15:35:21,REAL,60.0 BPM,100%,STABLE
15:35:21,REAL,60.0 BPM,100%,STABLE
15:35:21,REAL,60.0 BPM,100%,STABLE
15:35:21,REAL,N/A,80%,STABLE
15:35:21,REAL,N/A,60%,STABLE
15:35:21,UNCERTAIN,N/A,60%,WEAK
15:35:21,UNCERTAIN,N/A,80%,WEAK
15:35:21,UNCERTAIN,N/A,100%,WEAK
15:35:22,UNCERTAIN,N/A,100%,WEAK
15:35:22,UNCERTAIN,N/A,100%,WEAK
15:35:22,UNCERTAIN,N/A,100%,WEAK
15:35:22,UNCERTAIN,N/A,100%,WEAK
15:35:22,UNCERTAIN,N/A,100%,WEAK
15:35:22,UNCERTAIN,N/A,100%,WEAK
15:35:22,UNCERTAIN,N/A,100%,WEAK
15:35:22,UNCERTAIN,N/A,100%,WEAK
15:35:22,UNCERTAIN,N/A,100%,WEAK
15:35:23,UNCERTAIN,N/A,100%,WEAK
15:35:23,UNCERTAIN,N/A,100%,WEAK
15:35:23,UNCERTAIN,N/A,100%,WEAK
15:35:23,UNCERTAIN,N/A,100%,WEAK
15:35:23,UNCERTAIN,N/A,100%,WEAK
15:35:23,UNCERTAIN,N/A,100%,WEAK
15:35:23,UNCERTAIN,60.0 BPM,80%,WEAK
15:35:23,UNCERTAIN,N/A,80%,WEAK
15:35:23,UNCERTAIN,N/A,80%,WEAK
15:35:23,UNCERTAIN,N/A,80%,WEAK
15:35:24,UNCERTAIN,N/A,80%,WEAK
15:35:24,UNCERTAIN,N/A,100%,WEAK
15:35:24,UNCERTAIN,N/A,100%,WEAK
15:35:24,UNCERTAIN,N/A,100%,WEAK
15:35:24,UNCERTAIN,N/A,100%,WEAK
15:35:24,UNCERTAIN,N/A,100%,WEAK
15:35:24,UNCERTAIN,N/A,100%,WEAK
15:35:24,UNCERTAIN,N/A,100%,WEAK
15:35:24,UNCERTAIN,N/A,100%,WEAK
15:35:24,UNCERTAIN,N/A,100%,WEAK
15:35:25,UNCERTAIN,48.0 BPM,80%,WEAK
15:35:25,UNCERTAIN,48.0 BPM,60%,WEAK
15:35:25,REAL,48.0 BPM,60%,STABLE
15:35:25,REAL,48.0 BPM,80%,STABLE
15:35:25,REAL,48.0 BPM,100%,STABLE
15:35:25,REAL,48.0 BPM,100%,STABLE
15:35:25,REAL,48.0 BPM,100%,STABLE
15:35:25,REAL,48.0 BPM,100%,STABLE
15:35:25,REAL,48.0 BPM,100%,STABLE
15:35:25,REAL,48.0 BPM,100%,STABLE
15:35:26,REAL,48.0 BPM,100%,STABLE
15:35:26,REAL,48.0 BPM,100%,STABLE
15:35:26,REAL,48.0 BPM,100%,STABLE
15:35:26,REAL,60.0 BPM,100%,STABLE
15:35:26,REAL,60.0 BPM,100%,STABLE
15:35:26,REAL,60.0 BPM,100%,STABLE
15:35:26,REAL,60.0 BPM,100%,STABLE
15:35:26,REAL,72.0 BPM,100%,STABLE
15:35:26,REAL,72.0 BPM,100%,STABLE
15:35:26,REAL,72.0 BPM,100%,STABLE
15:35:27,REAL,72.0 BPM,100%,STABLE
15:35:27,REAL,72.0 BPM,100%,STABLE
15:35:27,REAL,72.0 BPM,100%,STABLE
15:35:27,REAL,72.0 BPM,100%,STABLE
15:35:27,REAL,72.0 BPM,100%,STABLE
15:35:27,REAL,N/A,80%,STABLE
15:35:27,REAL,N/A,60%,STABLE
15:35:27,REAL,54.0 BPM,60%,STABLE
15:35:27,REAL,54.0 BPM,60%,STABLE
15:35:27,REAL,54.0 BPM,60%,STABLE
15:35:28,REAL,54.0 BPM,80%,STABLE
15:35:28,REAL,54.0 BPM,100%,STABLE
15:35:28,REAL,54.0 BPM,100%,STABLE
15:35:28,REAL,54.0 BPM,100%,STABLE
15:35:28,REAL,54.0 BPM,100%,STABLE
15:35:28,REAL,54.0 BPM,100%,STABLE
15:35:28,REAL,54.0 BPM,100%,STABLE
15:35:28,REAL,54.0 BPM,100%,STABLE
15:35:28,REAL,54.0 BPM,100%,STABLE
15:35:28,REAL,54.0 BPM,100%,STABLE
15:35:29,REAL,54.0 BPM,100%,STABLE
15:35:29,REAL,54.0 BPM,100%,STABLE
15:35:29,REAL,54.0 BPM,100%,STABLE
15:35:29,REAL,54.0 BPM,100%,STABLE
15:35:29,REAL,54.0 BPM,100%,STABLE
15:35:29,REAL,54.0 BPM,100%,STABLE
15:35:29,REAL,54.0 BPM,100%,STABLE
15:35:29,REAL,54.0 BPM,100%,STABLE
15:35:29,REAL,54.0 BPM,100%,STABLE
15:35:29,REAL,54.0 BPM,100%,STABLE
15:35:30,REAL,54.0 BPM,100%,STABLE
15:35:30,REAL,54.0 BPM,100%,STABLE
15:35:30,REAL,54.0 BPM,100%,STABLE
15:35:30,REAL,54.0 BPM,100%,STABLE
15:35:30,REAL,54.0 BPM,100%,STABLE
15:35:30,REAL,54.0 BPM,100%,STABLE
15:35:30,REAL,54.0 BPM,100%,STABLE
15:35:30,REAL,54.0 BPM,100%,STABLE
15:35:30,REAL,54.0 BPM,100%,STABLE
15:35:31,REAL,54.0 BPM,100%,STABLE
15:35:31,REAL,54.0 BPM,100%,STABLE
15:35:31,REAL,54.0 BPM,100%,STABLE
15:35:31,REAL,54.0 BPM,100%,STABLE
15:35:31,REAL,54.0 BPM,100%,STABLE
15:35:31,REAL,54.0 BPM,100%,STABLE
15:35:31,REAL,54.0 BPM,100%,STABLE
15:35:31,REAL,54.0 BPM,100%,STABLE
15:35:31,REAL,54.0 BPM,100%,STABLE
15:35:31,REAL,54.0 BPM,100%,STABLE
15:35:32,REAL,54.0 BPM,100%,STABLE
